ZONE_TIMEPOINTS_1,ZONE_TIMEPOINTS_2,Relax_Zone_Energy_Balance_up
Antioquia,1,0.0
Antioquia,2,0.0
Antioquia,3,0.0
Antioquia,4,0.0
Antioquia,5,0.0
Antioquia,6,0.0
Antioquia,7,0.0
Antioquia,8,0.0
Antioquia,9,0.0
Antioquia,10,0.0
Antioquia,11,0.0
Antioquia,12,0.0
Antioquia,13,0.0
Antioquia,14,0.0
Antioquia,15,0.0
Antioquia,16,0.0
Antioquia,17,0.0
Antioquia,18,0.0
Antioquia,19,0.0
Antioquia,20,0.0
Antioquia,21,0.0
Antioquia,22,0.0
Antioquia,23,0.0
Antioquia,24,0.0
Antioquia,25,0.0
Antioquia,26,0.0
Antioquia,27,0.0
Antioquia,28,0.0
Antioquia,29,0.0
Antioquia,30,0.0
Antioquia,31,0.0
Antioquia,32,0.0
Antioquia,33,0.0
Antioquia,34,0.0
Antioquia,35,0.0
Antioquia,36,0.0
Antioquia,37,0.0
Antioquia,38,0.0
Antioquia,39,0.0
Antioquia,40,0.0
Antioquia,41,0.0
Antioquia,42,0.0
Antioquia,43,0.0
Antioquia,44,0.0
Antioquia,45,0.0
Antioquia,46,0.0
Antioquia,47,0.0
Antioquia,48,0.0
Antioquia,49,0.0
Antioquia,50,0.0
Antioquia,51,0.0
Antioquia,52,0.0
Antioquia,53,0.0
Antioquia,54,0.0
Antioquia,55,0.0
Antioquia,56,0.0
Antioquia,57,0.0
Antioquia,58,0.0
Antioquia,59,0.0
Antioquia,60,0.0
Antioquia,61,0.0
Antioquia,62,0.0
Antioquia,63,0.0
Antioquia,64,0.0
Antioquia,65,0.0
Antioquia,66,0.0
Antioquia,67,0.0
Antioquia,68,0.0
Antioquia,69,0.0
Antioquia,70,0.0
Antioquia,71,0.0
Antioquia,72,0.0
Antioquia,73,0.0
Antioquia,74,0.0
Antioquia,75,0.0
Antioquia,76,0.0
Antioquia,77,0.0
Antioquia,78,0.0
Antioquia,79,0.0
Antioquia,80,0.0
Antioquia,81,0.0
Antioquia,82,0.0
Antioquia,83,0.0
Antioquia,84,0.0
Antioquia,85,0.0
Antioquia,86,0.0
Antioquia,87,0.0
Antioquia,88,0.0
Antioquia,89,0.0
Antioquia,90,0.0
Antioquia,91,0.0
Antioquia,92,0.0
Antioquia,93,0.0
Antioquia,94,0.0
Antioquia,95,0.0
Antioquia,96,0.0
Antioquia,97,0.0
Antioquia,98,0.0
Antioquia,99,0.0
Antioquia,100,0.0
Antioquia,101,0.0
Antioquia,102,0.0
Antioquia,103,0.0
Antioquia,104,0.0
Antioquia,105,0.0
Antioquia,106,0.0
Antioquia,107,0.0
Antioquia,108,0.0
Antioquia,109,0.0
Antioquia,110,0.0
Antioquia,111,0.0
Antioquia,112,0.0
Antioquia,113,0.0
Antioquia,114,0.0
Antioquia,115,0.0
Antioquia,116,0.0
Antioquia,117,0.0
Antioquia,118,0.0
Antioquia,119,0.0
Antioquia,120,0.0
Antioquia,121,0.0
Antioquia,122,0.0
Antioquia,123,0.0
Antioquia,124,0.0
Antioquia,125,0.0
Antioquia,126,0.0
Antioquia,127,0.0
Antioquia,128,0.0
Antioquia,129,0.0
Antioquia,130,0.0
Antioquia,131,0.0
Antioquia,132,0.0
Antioquia,133,0.0
Antioquia,134,0.0
Antioquia,135,0.0
Antioquia,136,0.0
Antioquia,137,0.0
Antioquia,138,0.0
Antioquia,139,0.0
Antioquia,140,0.0
Antioquia,141,0.0
Antioquia,142,0.0
Antioquia,143,0.0
Antioquia,144,0.0
Antioquia,145,0.0
Antioquia,146,0.0
Antioquia,147,0.0
Antioquia,148,0.0
Antioquia,149,0.0
Antioquia,150,0.0
Antioquia,151,0.0
Antioquia,152,0.0
Antioquia,153,0.0
Antioquia,154,0.0
Antioquia,155,0.0
Antioquia,156,0.0
Antioquia,157,0.0
Antioquia,158,0.0
Antioquia,159,0.0
Antioquia,160,0.0
Antioquia,161,0.0
Antioquia,162,0.0
Antioquia,163,0.0
Antioquia,164,0.0
Antioquia,165,0.0
Antioquia,166,0.0
Antioquia,167,0.0
Antioquia,168,0.0
Antioquia,169,0.0
Antioquia,170,0.0
Antioquia,171,0.0
Antioquia,172,0.0
Antioquia,173,0.0
Antioquia,174,0.0
Antioquia,175,0.0
Antioquia,176,0.0
Antioquia,177,0.0
Antioquia,178,0.0
Antioquia,179,0.0
Antioquia,180,0.0
Antioquia,181,0.0
Antioquia,182,0.0
Antioquia,183,0.0
Antioquia,184,0.0
Antioquia,185,0.0
Antioquia,186,0.0
Antioquia,187,0.0
Antioquia,188,0.0
Antioquia,189,0.0
Antioquia,190,0.0
Antioquia,191,0.0
Antioquia,192,0.0
Antioquia,193,0.0
Antioquia,194,0.0
Antioquia,195,0.0
Antioquia,196,0.0
Antioquia,197,0.0
Antioquia,198,0.0
Antioquia,199,0.0
Antioquia,200,0.0
Antioquia,201,0.0
Antioquia,202,0.0
Antioquia,203,0.0
Antioquia,204,0.0
Antioquia,205,0.0
Antioquia,206,0.0
Antioquia,207,0.0
Antioquia,208,0.0
Antioquia,209,0.0
Antioquia,210,0.0
Antioquia,211,0.0
Antioquia,212,0.0
Antioquia,213,0.0
Antioquia,214,0.0
Antioquia,215,0.0
Antioquia,216,0.0
Antioquia,217,0.0
Antioquia,218,0.0
Antioquia,219,0.0
Antioquia,220,0.0
Antioquia,221,0.0
Antioquia,222,0.0
Antioquia,223,0.0
Antioquia,224,0.0
Antioquia,225,0.0
Antioquia,226,0.0
Antioquia,227,0.0
Antioquia,228,0.0
Antioquia,229,0.0
Antioquia,230,0.0
Antioquia,231,0.0
Antioquia,232,0.0
Antioquia,233,0.0
Antioquia,234,0.0
Antioquia,235,0.0
Antioquia,236,0.0
Antioquia,237,0.0
Antioquia,238,0.0
Antioquia,239,0.0
Antioquia,240,0.0
Antioquia,241,0.0
Antioquia,242,0.0
Antioquia,243,0.0
Antioquia,244,0.0
Antioquia,245,0.0
Antioquia,246,0.0
Antioquia,247,0.0
Antioquia,248,0.0
Antioquia,249,0.0
Antioquia,250,0.0
Antioquia,251,0.0
Antioquia,252,0.0
Antioquia,253,0.0
Antioquia,254,0.0
Antioquia,255,0.0
Antioquia,256,0.0
Antioquia,257,0.0
Antioquia,258,0.0
Antioquia,259,0.0
Antioquia,260,0.0
Antioquia,261,0.0
Antioquia,262,0.0
Antioquia,263,0.0
Antioquia,264,0.0
Antioquia,265,0.0
Antioquia,266,0.0
Antioquia,267,0.0
Antioquia,268,0.0
Antioquia,269,0.0
Antioquia,270,0.0
Antioquia,271,0.0
Antioquia,272,0.0
Antioquia,273,0.0
Antioquia,274,0.0
Antioquia,275,0.0
Antioquia,276,0.0
Antioquia,277,0.0
Antioquia,278,0.0
Antioquia,279,0.0
Antioquia,280,0.0
Antioquia,281,0.0
Antioquia,282,0.0
Antioquia,283,0.0
Antioquia,284,0.0
Antioquia,285,0.0
Antioquia,286,0.0
Antioquia,287,0.0
Antioquia,288,0.0
Antioquia,289,0.0
Antioquia,290,0.0
Antioquia,291,0.0
Antioquia,292,0.0
Antioquia,293,0.0
Antioquia,294,0.0
Antioquia,295,0.0
Antioquia,296,0.0
Antioquia,297,0.0
Antioquia,298,0.0
Antioquia,299,0.0
Antioquia,300,0.0
Antioquia,301,0.0
Antioquia,302,0.0
Antioquia,303,0.0
Antioquia,304,0.0
Antioquia,305,0.0
Antioquia,306,0.0
Antioquia,307,0.0
Antioquia,308,0.0
Antioquia,309,0.0
Antioquia,310,0.0
Antioquia,311,0.0
Antioquia,312,0.0
Antioquia,313,0.0
Antioquia,314,0.0
Antioquia,315,0.0
Antioquia,316,0.0
Antioquia,317,0.0
Antioquia,318,0.0
Antioquia,319,0.0
Antioquia,320,0.0
Antioquia,321,0.0
Antioquia,322,0.0
Antioquia,323,0.0
Antioquia,324,0.0
Antioquia,325,0.0
Antioquia,326,0.0
Antioquia,327,0.0
Antioquia,328,0.0
Antioquia,329,0.0
Antioquia,330,0.0
Antioquia,331,0.0
Antioquia,332,0.0
Antioquia,333,0.0
Antioquia,334,0.0
Antioquia,335,0.0
Antioquia,336,0.0
Antioquia,337,0.0
Antioquia,338,0.0
Antioquia,339,0.0
Antioquia,340,0.0
Antioquia,341,0.0
Antioquia,342,0.0
Antioquia,343,0.0
Antioquia,344,0.0
Antioquia,345,0.0
Antioquia,346,0.0
Antioquia,347,0.0
Antioquia,348,0.0
Antioquia,349,0.0
Antioquia,350,0.0
Antioquia,351,0.0
Antioquia,352,0.0
Antioquia,353,0.0
Antioquia,354,0.0
Antioquia,355,0.0
Antioquia,356,0.0
Antioquia,357,0.0
Antioquia,358,0.0
Antioquia,359,0.0
Antioquia,360,0.0
Antioquia,361,0.0
Antioquia,362,0.0
Antioquia,363,0.0
Antioquia,364,0.0
Antioquia,365,0.0
Antioquia,366,0.0
Antioquia,367,0.0
Antioquia,368,0.0
Antioquia,369,0.0
Antioquia,370,0.0
Antioquia,371,0.0
Antioquia,372,0.0
Antioquia,373,0.0
Antioquia,374,0.0
Antioquia,375,0.0
Antioquia,376,0.0
Antioquia,377,0.0
Antioquia,378,0.0
Antioquia,379,0.0
Antioquia,380,0.0
Antioquia,381,0.0
Antioquia,382,0.0
Antioquia,383,0.0
Antioquia,384,0.0
Nordeste,1,0.0
Nordeste,2,0.0
Nordeste,3,0.0
Nordeste,4,0.0
Nordeste,5,0.0
Nordeste,6,0.0
Nordeste,7,0.0
Nordeste,8,0.0
Nordeste,9,0.0
Nordeste,10,0.0
Nordeste,11,0.0
Nordeste,12,0.0
Nordeste,13,0.0
Nordeste,14,0.0
Nordeste,15,0.0
Nordeste,16,0.0
Nordeste,17,0.0
Nordeste,18,0.0
Nordeste,19,0.0
Nordeste,20,0.0
Nordeste,21,0.0
Nordeste,22,0.0
Nordeste,23,0.0
Nordeste,24,0.0
Nordeste,25,0.0
Nordeste,26,0.0
Nordeste,27,0.0
Nordeste,28,0.0
Nordeste,29,0.0
Nordeste,30,0.0
Nordeste,31,0.0
Nordeste,32,0.0
Nordeste,33,0.0
Nordeste,34,0.0
Nordeste,35,0.0
Nordeste,36,0.0
Nordeste,37,0.0
Nordeste,38,0.0
Nordeste,39,0.0
Nordeste,40,0.0
Nordeste,41,0.0
Nordeste,42,0.0
Nordeste,43,0.0
Nordeste,44,0.0
Nordeste,45,0.0
Nordeste,46,0.0
Nordeste,47,0.0
Nordeste,48,0.0
Nordeste,49,0.0
Nordeste,50,0.0
Nordeste,51,0.0
Nordeste,52,0.0
Nordeste,53,0.0
Nordeste,54,0.0
Nordeste,55,0.0
Nordeste,56,0.0
Nordeste,57,0.0
Nordeste,58,0.0
Nordeste,59,0.0
Nordeste,60,0.0
Nordeste,61,0.0
Nordeste,62,0.0
Nordeste,63,0.0
Nordeste,64,0.0
Nordeste,65,0.0
Nordeste,66,0.0
Nordeste,67,0.0
Nordeste,68,0.0
Nordeste,69,0.0
Nordeste,70,0.0
Nordeste,71,0.0
Nordeste,72,0.0
Nordeste,73,0.0
Nordeste,74,0.0
Nordeste,75,0.0
Nordeste,76,0.0
Nordeste,77,0.0
Nordeste,78,0.0
Nordeste,79,0.0
Nordeste,80,0.0
Nordeste,81,0.0
Nordeste,82,0.0
Nordeste,83,0.0
Nordeste,84,0.0
Nordeste,85,0.0
Nordeste,86,0.0
Nordeste,87,0.0
Nordeste,88,0.0
Nordeste,89,0.0
Nordeste,90,0.0
Nordeste,91,0.0
Nordeste,92,0.0
Nordeste,93,0.0
Nordeste,94,0.0
Nordeste,95,0.0
Nordeste,96,0.0
Nordeste,97,0.0
Nordeste,98,0.0
Nordeste,99,0.0
Nordeste,100,0.0
Nordeste,101,0.0
Nordeste,102,0.0
Nordeste,103,0.0
Nordeste,104,0.0
Nordeste,105,0.0
Nordeste,106,0.0
Nordeste,107,0.0
Nordeste,108,0.0
Nordeste,109,0.0
Nordeste,110,0.0
Nordeste,111,0.0
Nordeste,112,0.0
Nordeste,113,0.0
Nordeste,114,0.0
Nordeste,115,0.0
Nordeste,116,0.0
Nordeste,117,0.0
Nordeste,118,0.0
Nordeste,119,0.0
Nordeste,120,0.0
Nordeste,121,0.0
Nordeste,122,0.0
Nordeste,123,0.0
Nordeste,124,0.0
Nordeste,125,0.0
Nordeste,126,0.0
Nordeste,127,0.0
Nordeste,128,0.0
Nordeste,129,0.0
Nordeste,130,0.0
Nordeste,131,0.0
Nordeste,132,0.0
Nordeste,133,0.0
Nordeste,134,0.0
Nordeste,135,0.0
Nordeste,136,0.0
Nordeste,137,0.0
Nordeste,138,0.0
Nordeste,139,0.0
Nordeste,140,0.0
Nordeste,141,0.0
Nordeste,142,0.0
Nordeste,143,0.0
Nordeste,144,0.0
Nordeste,145,0.0
Nordeste,146,0.0
Nordeste,147,0.0
Nordeste,148,0.0
Nordeste,149,0.0
Nordeste,150,0.0
Nordeste,151,0.0
Nordeste,152,0.0
Nordeste,153,0.0
Nordeste,154,0.0
Nordeste,155,0.0
Nordeste,156,0.0
Nordeste,157,0.0
Nordeste,158,0.0
Nordeste,159,0.0
Nordeste,160,0.0
Nordeste,161,0.0
Nordeste,162,0.0
Nordeste,163,0.0
Nordeste,164,0.0
Nordeste,165,0.0
Nordeste,166,0.0
Nordeste,167,0.0
Nordeste,168,0.0
Nordeste,169,0.0
Nordeste,170,0.0
Nordeste,171,0.0
Nordeste,172,0.0
Nordeste,173,0.0
Nordeste,174,0.0
Nordeste,175,0.0
Nordeste,176,0.0
Nordeste,177,0.0
Nordeste,178,0.0
Nordeste,179,0.0
Nordeste,180,0.0
Nordeste,181,0.0
Nordeste,182,0.0
Nordeste,183,0.0
Nordeste,184,0.0
Nordeste,185,0.0
Nordeste,186,0.0
Nordeste,187,0.0
Nordeste,188,0.0
Nordeste,189,0.0
Nordeste,190,0.0
Nordeste,191,0.0
Nordeste,192,0.0
Nordeste,193,0.0
Nordeste,194,0.0
Nordeste,195,0.0
Nordeste,196,0.0
Nordeste,197,0.0
Nordeste,198,0.0
Nordeste,199,0.0
Nordeste,200,0.0
Nordeste,201,0.0
Nordeste,202,0.0
Nordeste,203,0.0
Nordeste,204,0.0
Nordeste,205,0.0
Nordeste,206,0.0
Nordeste,207,0.0
Nordeste,208,0.0
Nordeste,209,0.0
Nordeste,210,0.0
Nordeste,211,0.0
Nordeste,212,0.0
Nordeste,213,0.0
Nordeste,214,0.0
Nordeste,215,0.0
Nordeste,216,0.0
Nordeste,217,0.0
Nordeste,218,0.0
Nordeste,219,0.0
Nordeste,220,0.0
Nordeste,221,0.0
Nordeste,222,0.0
Nordeste,223,0.0
Nordeste,224,0.0
Nordeste,225,0.0
Nordeste,226,0.0
Nordeste,227,0.0
Nordeste,228,0.0
Nordeste,229,0.0
Nordeste,230,0.0
Nordeste,231,0.0
Nordeste,232,0.0
Nordeste,233,0.0
Nordeste,234,0.0
Nordeste,235,0.0
Nordeste,236,0.0
Nordeste,237,0.0
Nordeste,238,0.0
Nordeste,239,0.0
Nordeste,240,0.0
Nordeste,241,0.0
Nordeste,242,0.0
Nordeste,243,0.0
Nordeste,244,0.0
Nordeste,245,0.0
Nordeste,246,0.0
Nordeste,247,0.0
Nordeste,248,0.0
Nordeste,249,0.0
Nordeste,250,0.0
Nordeste,251,0.0
Nordeste,252,0.0
Nordeste,253,0.0
Nordeste,254,0.0
Nordeste,255,0.0
Nordeste,256,0.0
Nordeste,257,0.0
Nordeste,258,0.0
Nordeste,259,0.0
Nordeste,260,0.0
Nordeste,261,0.0
Nordeste,262,0.0
Nordeste,263,0.0
Nordeste,264,0.0
Nordeste,265,0.0
Nordeste,266,0.0
Nordeste,267,0.0
Nordeste,268,0.0
Nordeste,269,0.0
Nordeste,270,0.0
Nordeste,271,0.0
Nordeste,272,0.0
Nordeste,273,0.0
Nordeste,274,0.0
Nordeste,275,0.0
Nordeste,276,0.0
Nordeste,277,0.0
Nordeste,278,0.0
Nordeste,279,0.0
Nordeste,280,0.0
Nordeste,281,0.0
Nordeste,282,0.0
Nordeste,283,0.0
Nordeste,284,0.0
Nordeste,285,0.0
Nordeste,286,0.0
Nordeste,287,0.0
Nordeste,288,0.0
Nordeste,289,0.0
Nordeste,290,0.0
Nordeste,291,0.0
Nordeste,292,0.0
Nordeste,293,0.0
Nordeste,294,0.0
Nordeste,295,0.0
Nordeste,296,0.0
Nordeste,297,0.0
Nordeste,298,0.0
Nordeste,299,0.0
Nordeste,300,0.0
Nordeste,301,0.0
Nordeste,302,0.0
Nordeste,303,0.0
Nordeste,304,0.0
Nordeste,305,0.0
Nordeste,306,0.0
Nordeste,307,0.0
Nordeste,308,0.0
Nordeste,309,0.0
Nordeste,310,0.0
Nordeste,311,0.0
Nordeste,312,0.0
Nordeste,313,0.0
Nordeste,314,0.0
Nordeste,315,0.0
Nordeste,316,0.0
Nordeste,317,0.0
Nordeste,318,0.0
Nordeste,319,0.0
Nordeste,320,0.0
Nordeste,321,0.0
Nordeste,322,0.0
Nordeste,323,0.0
Nordeste,324,0.0
Nordeste,325,0.0
Nordeste,326,0.0
Nordeste,327,0.0
Nordeste,328,0.0
Nordeste,329,0.0
Nordeste,330,0.0
Nordeste,331,0.0
Nordeste,332,0.0
Nordeste,333,0.0
Nordeste,334,0.0
Nordeste,335,0.0
Nordeste,336,0.0
Nordeste,337,0.0
Nordeste,338,0.0
Nordeste,339,0.0
Nordeste,340,0.0
Nordeste,341,0.0
Nordeste,342,0.0
Nordeste,343,0.0
Nordeste,344,0.0
Nordeste,345,0.0
Nordeste,346,0.0
Nordeste,347,0.0
Nordeste,348,0.0
Nordeste,349,0.0
Nordeste,350,0.0
Nordeste,351,0.0
Nordeste,352,0.0
Nordeste,353,0.0
Nordeste,354,0.0
Nordeste,355,0.0
Nordeste,356,0.0
Nordeste,357,0.0
Nordeste,358,0.0
Nordeste,359,0.0
Nordeste,360,0.0
Nordeste,361,0.0
Nordeste,362,0.0
Nordeste,363,0.0
Nordeste,364,0.0
Nordeste,365,0.0
Nordeste,366,0.0
Nordeste,367,0.0
Nordeste,368,0.0
Nordeste,369,0.0
Nordeste,370,0.0
Nordeste,371,0.0
Nordeste,372,0.0
Nordeste,373,0.0
Nordeste,374,0.0
Nordeste,375,0.0
Nordeste,376,0.0
Nordeste,377,0.0
Nordeste,378,0.0
Nordeste,379,0.0
Nordeste,380,0.0
Nordeste,381,0.0
Nordeste,382,0.0
Nordeste,383,0.0
Nordeste,384,0.0
Oriental,1,0.0
Oriental,2,0.0
Oriental,3,0.0
Oriental,4,0.0
Oriental,5,0.0
Oriental,6,0.0
Oriental,7,0.0
Oriental,8,0.0
Oriental,9,0.0
Oriental,10,0.0
Oriental,11,0.0
Oriental,12,0.0
Oriental,13,0.0
Oriental,14,0.0
Oriental,15,0.0
Oriental,16,0.0
Oriental,17,0.0
Oriental,18,0.0
Oriental,19,0.0
Oriental,20,0.0
Oriental,21,0.0
Oriental,22,0.0
Oriental,23,0.0
Oriental,24,0.0
Oriental,25,0.0
Oriental,26,0.0
Oriental,27,0.0
Oriental,28,0.0
Oriental,29,0.0
Oriental,30,0.0
Oriental,31,0.0
Oriental,32,0.0
Oriental,33,0.0
Oriental,34,0.0
Oriental,35,0.0
Oriental,36,0.0
Oriental,37,0.0
Oriental,38,0.0
Oriental,39,0.0
Oriental,40,0.0
Oriental,41,0.0
Oriental,42,0.0
Oriental,43,0.0
Oriental,44,0.0
Oriental,45,0.0
Oriental,46,0.0
Oriental,47,0.0
Oriental,48,0.0
Oriental,49,0.0
Oriental,50,0.0
Oriental,51,0.0
Oriental,52,0.0
Oriental,53,0.0
Oriental,54,0.0
Oriental,55,0.0
Oriental,56,0.0
Oriental,57,0.0
Oriental,58,0.0
Oriental,59,0.0
Oriental,60,0.0
Oriental,61,0.0
Oriental,62,0.0
Oriental,63,0.0
Oriental,64,0.0
Oriental,65,0.0
Oriental,66,0.0
Oriental,67,0.0
Oriental,68,0.0
Oriental,69,0.0
Oriental,70,0.0
Oriental,71,0.0
Oriental,72,0.0
Oriental,73,0.0
Oriental,74,0.0
Oriental,75,0.0
Oriental,76,0.0
Oriental,77,0.0
Oriental,78,0.0
Oriental,79,0.0
Oriental,80,0.0
Oriental,81,0.0
Oriental,82,0.0
Oriental,83,0.0
Oriental,84,0.0
Oriental,85,0.0
Oriental,86,0.0
Oriental,87,0.0
Oriental,88,0.0
Oriental,89,0.0
Oriental,90,0.0
Oriental,91,0.0
Oriental,92,0.0
Oriental,93,0.0
Oriental,94,0.0
Oriental,95,0.0
Oriental,96,0.0
Oriental,97,0.0
Oriental,98,0.0
Oriental,99,0.0
Oriental,100,0.0
Oriental,101,0.0
Oriental,102,0.0
Oriental,103,0.0
Oriental,104,0.0
Oriental,105,0.0
Oriental,106,0.0
Oriental,107,0.0
Oriental,108,0.0
Oriental,109,0.0
Oriental,110,0.0
Oriental,111,0.0
Oriental,112,0.0
Oriental,113,0.0
Oriental,114,0.0
Oriental,115,0.0
Oriental,116,0.0
Oriental,117,0.0
Oriental,118,0.0
Oriental,119,0.0
Oriental,120,0.0
Oriental,121,0.0
Oriental,122,0.0
Oriental,123,0.0
Oriental,124,0.0
Oriental,125,0.0
Oriental,126,0.0
Oriental,127,0.0
Oriental,128,0.0
Oriental,129,0.0
Oriental,130,0.0
Oriental,131,0.0
Oriental,132,0.0
Oriental,133,0.0
Oriental,134,0.0
Oriental,135,0.0
Oriental,136,0.0
Oriental,137,0.0
Oriental,138,0.0
Oriental,139,0.0
Oriental,140,0.0
Oriental,141,0.0
Oriental,142,0.0
Oriental,143,0.0
Oriental,144,0.0
Oriental,145,0.0
Oriental,146,0.0
Oriental,147,0.0
Oriental,148,0.0
Oriental,149,0.0
Oriental,150,0.0
Oriental,151,0.0
Oriental,152,0.0
Oriental,153,0.0
Oriental,154,0.0
Oriental,155,0.0
Oriental,156,0.0
Oriental,157,0.0
Oriental,158,0.0
Oriental,159,0.0
Oriental,160,0.0
Oriental,161,0.0
Oriental,162,0.0
Oriental,163,0.0
Oriental,164,0.0
Oriental,165,0.0
Oriental,166,0.0
Oriental,167,0.0
Oriental,168,0.0
Oriental,169,0.0
Oriental,170,0.0
Oriental,171,0.0
Oriental,172,0.0
Oriental,173,0.0
Oriental,174,0.0
Oriental,175,0.0
Oriental,176,0.0
Oriental,177,0.0
Oriental,178,0.0
Oriental,179,0.0
Oriental,180,0.0
Oriental,181,0.0
Oriental,182,0.0
Oriental,183,0.0
Oriental,184,0.0
Oriental,185,0.0
Oriental,186,0.0
Oriental,187,0.0
Oriental,188,0.0
Oriental,189,0.0
Oriental,190,0.0
Oriental,191,0.0
Oriental,192,0.0
Oriental,193,0.0
Oriental,194,0.0
Oriental,195,0.0
Oriental,196,0.0
Oriental,197,0.0
Oriental,198,0.0
Oriental,199,0.0
Oriental,200,0.0
Oriental,201,0.0
Oriental,202,0.0
Oriental,203,0.0
Oriental,204,0.0
Oriental,205,0.0
Oriental,206,0.0
Oriental,207,0.0
Oriental,208,0.0
Oriental,209,0.0
Oriental,210,0.0
Oriental,211,0.0
Oriental,212,0.0
Oriental,213,0.0
Oriental,214,0.0
Oriental,215,0.0
Oriental,216,0.0
Oriental,217,0.0
Oriental,218,0.0
Oriental,219,0.0
Oriental,220,0.0
Oriental,221,0.0
Oriental,222,0.0
Oriental,223,0.0
Oriental,224,0.0
Oriental,225,0.0
Oriental,226,0.0
Oriental,227,0.0
Oriental,228,0.0
Oriental,229,0.0
Oriental,230,0.0
Oriental,231,0.0
Oriental,232,0.0
Oriental,233,0.0
Oriental,234,0.0
Oriental,235,0.0
Oriental,236,0.0
Oriental,237,0.0
Oriental,238,0.0
Oriental,239,0.0
Oriental,240,0.0
Oriental,241,0.0
Oriental,242,0.0
Oriental,243,0.0
Oriental,244,0.0
Oriental,245,0.0
Oriental,246,0.0
Oriental,247,0.0
Oriental,248,0.0
Oriental,249,0.0
Oriental,250,0.0
Oriental,251,0.0
Oriental,252,0.0
Oriental,253,0.0
Oriental,254,0.0
Oriental,255,0.0
Oriental,256,0.0
Oriental,257,0.0
Oriental,258,0.0
Oriental,259,0.0
Oriental,260,0.0
Oriental,261,0.0
Oriental,262,0.0
Oriental,263,0.0
Oriental,264,0.0
Oriental,265,0.0
Oriental,266,0.0
Oriental,267,0.0
Oriental,268,0.0
Oriental,269,0.0
Oriental,270,0.0
Oriental,271,0.0
Oriental,272,0.0
Oriental,273,0.0
Oriental,274,0.0
Oriental,275,0.0
Oriental,276,0.0
Oriental,277,0.0
Oriental,278,0.0
Oriental,279,0.0
Oriental,280,0.0
Oriental,281,0.0
Oriental,282,0.0
Oriental,283,0.0
Oriental,284,0.0
Oriental,285,0.0
Oriental,286,0.0
Oriental,287,0.0
Oriental,288,0.0
Oriental,289,0.0
Oriental,290,0.0
Oriental,291,0.0
Oriental,292,0.0
Oriental,293,0.0
Oriental,294,0.0
Oriental,295,0.0
Oriental,296,0.0
Oriental,297,0.0
Oriental,298,0.0
Oriental,299,0.0
Oriental,300,0.0
Oriental,301,0.0
Oriental,302,0.0
Oriental,303,0.0
Oriental,304,0.0
Oriental,305,0.0
Oriental,306,0.0
Oriental,307,0.0
Oriental,308,0.0
Oriental,309,0.0
Oriental,310,0.0
Oriental,311,0.0
Oriental,312,0.0
Oriental,313,0.0
Oriental,314,0.0
Oriental,315,0.0
Oriental,316,0.0
Oriental,317,0.0
Oriental,318,0.0
Oriental,319,0.0
Oriental,320,0.0
Oriental,321,0.0
Oriental,322,0.0
Oriental,323,0.0
Oriental,324,0.0
Oriental,325,0.0
Oriental,326,0.0
Oriental,327,0.0
Oriental,328,0.0
Oriental,329,0.0
Oriental,330,0.0
Oriental,331,0.0
Oriental,332,0.0
Oriental,333,0.0
Oriental,334,0.0
Oriental,335,0.0
Oriental,336,0.0
Oriental,337,0.0
Oriental,338,0.0
Oriental,339,0.0
Oriental,340,0.0
Oriental,341,0.0
Oriental,342,0.0
Oriental,343,0.0
Oriental,344,0.0
Oriental,345,0.0
Oriental,346,0.0
Oriental,347,0.0
Oriental,348,0.0
Oriental,349,0.0
Oriental,350,0.0
Oriental,351,0.0
Oriental,352,0.0
Oriental,353,0.0
Oriental,354,0.0
Oriental,355,0.0
Oriental,356,0.0
Oriental,357,0.0
Oriental,358,0.0
Oriental,359,0.0
Oriental,360,0.0
Oriental,361,0.0
Oriental,362,0.0
Oriental,363,0.0
Oriental,364,0.0
Oriental,365,0.0
Oriental,366,0.0
Oriental,367,0.0
Oriental,368,0.0
Oriental,369,0.0
Oriental,370,0.0
Oriental,371,0.0
Oriental,372,0.0
Oriental,373,0.0
Oriental,374,0.0
Oriental,375,0.0
Oriental,376,0.0
Oriental,377,0.0
Oriental,378,0.0
Oriental,379,0.0
Oriental,380,0.0
Oriental,381,0.0
Oriental,382,0.0
Oriental,383,0.0
Oriental,384,0.0
Surocciden,1,0.0
Surocciden,2,0.0
Surocciden,3,0.0
Surocciden,4,0.0
Surocciden,5,0.0
Surocciden,6,0.0
Surocciden,7,0.0
Surocciden,8,0.0
Surocciden,9,0.0
Surocciden,10,0.0
Surocciden,11,0.0
Surocciden,12,0.0
Surocciden,13,0.0
Surocciden,14,0.0
Surocciden,15,0.0
Surocciden,16,0.0
Surocciden,17,0.0
Surocciden,18,0.0
Surocciden,19,0.0
Surocciden,20,0.0
Surocciden,21,0.0
Surocciden,22,0.0
Surocciden,23,0.0
Surocciden,24,0.0
Surocciden,25,0.0
Surocciden,26,0.0
Surocciden,27,0.0
Surocciden,28,0.0
Surocciden,29,0.0
Surocciden,30,0.0
Surocciden,31,0.0
Surocciden,32,0.0
Surocciden,33,0.0
Surocciden,34,0.0
Surocciden,35,0.0
Surocciden,36,0.0
Surocciden,37,0.0
Surocciden,38,0.0
Surocciden,39,0.0
Surocciden,40,0.0
Surocciden,41,0.0
Surocciden,42,0.0
Surocciden,43,0.0
Surocciden,44,0.0
Surocciden,45,0.0
Surocciden,46,0.0
Surocciden,47,0.0
Surocciden,48,0.0
Surocciden,49,0.0
Surocciden,50,0.0
Surocciden,51,0.0
Surocciden,52,0.0
Surocciden,53,0.0
Surocciden,54,0.0
Surocciden,55,0.0
Surocciden,56,0.0
Surocciden,57,0.0
Surocciden,58,0.0
Surocciden,59,0.0
Surocciden,60,0.0
Surocciden,61,0.0
Surocciden,62,0.0
Surocciden,63,0.0
Surocciden,64,0.0
Surocciden,65,0.0
Surocciden,66,0.0
Surocciden,67,0.0
Surocciden,68,0.0
Surocciden,69,0.0
Surocciden,70,0.0
Surocciden,71,0.0
Surocciden,72,0.0
Surocciden,73,0.0
Surocciden,74,0.0
Surocciden,75,0.0
Surocciden,76,0.0
Surocciden,77,0.0
Surocciden,78,0.0
Surocciden,79,0.0
Surocciden,80,0.0
Surocciden,81,0.0
Surocciden,82,0.0
Surocciden,83,0.0
Surocciden,84,0.0
Surocciden,85,0.0
Surocciden,86,0.0
Surocciden,87,0.0
Surocciden,88,0.0
Surocciden,89,0.0
Surocciden,90,0.0
Surocciden,91,0.0
Surocciden,92,0.0
Surocciden,93,0.0
Surocciden,94,0.0
Surocciden,95,0.0
Surocciden,96,0.0
Surocciden,97,0.0
Surocciden,98,0.0
Surocciden,99,0.0
Surocciden,100,0.0
Surocciden,101,0.0
Surocciden,102,0.0
Surocciden,103,0.0
Surocciden,104,0.0
Surocciden,105,0.0
Surocciden,106,0.0
Surocciden,107,0.0
Surocciden,108,0.0
Surocciden,109,0.0
Surocciden,110,0.0
Surocciden,111,0.0
Surocciden,112,0.0
Surocciden,113,0.0
Surocciden,114,0.0
Surocciden,115,0.0
Surocciden,116,0.0
Surocciden,117,0.0
Surocciden,118,0.0
Surocciden,119,0.0
Surocciden,120,0.0
Surocciden,121,0.0
Surocciden,122,0.0
Surocciden,123,0.0
Surocciden,124,0.0
Surocciden,125,0.0
Surocciden,126,0.0
Surocciden,127,0.0
Surocciden,128,0.0
Surocciden,129,0.0
Surocciden,130,0.0
Surocciden,131,0.0
Surocciden,132,0.0
Surocciden,133,0.0
Surocciden,134,0.0
Surocciden,135,0.0
Surocciden,136,0.0
Surocciden,137,0.0
Surocciden,138,0.0
Surocciden,139,0.0
Surocciden,140,0.0
Surocciden,141,0.0
Surocciden,142,0.0
Surocciden,143,0.0
Surocciden,144,0.0
Surocciden,145,0.0
Surocciden,146,0.0
Surocciden,147,0.0
Surocciden,148,0.0
Surocciden,149,0.0
Surocciden,150,0.0
Surocciden,151,0.0
Surocciden,152,0.0
Surocciden,153,0.0
Surocciden,154,0.0
Surocciden,155,0.0
Surocciden,156,0.0
Surocciden,157,0.0
Surocciden,158,0.0
Surocciden,159,0.0
Surocciden,160,0.0
Surocciden,161,0.0
Surocciden,162,0.0
Surocciden,163,0.0
Surocciden,164,0.0
Surocciden,165,0.0
Surocciden,166,0.0
Surocciden,167,0.0
Surocciden,168,0.0
Surocciden,169,0.0
Surocciden,170,0.0
Surocciden,171,0.0
Surocciden,172,0.0
Surocciden,173,0.0
Surocciden,174,0.0
Surocciden,175,0.0
Surocciden,176,0.0
Surocciden,177,0.0
Surocciden,178,0.0
Surocciden,179,0.0
Surocciden,180,0.0
Surocciden,181,0.0
Surocciden,182,0.0
Surocciden,183,0.0
Surocciden,184,0.0
Surocciden,185,0.0
Surocciden,186,0.0
Surocciden,187,0.0
Surocciden,188,0.0
Surocciden,189,0.0
Surocciden,190,0.0
Surocciden,191,0.0
Surocciden,192,0.0
Surocciden,193,0.0
Surocciden,194,0.0
Surocciden,195,0.0
Surocciden,196,0.0
Surocciden,197,0.0
Surocciden,198,0.0
Surocciden,199,0.0
Surocciden,200,0.0
Surocciden,201,0.0
Surocciden,202,0.0
Surocciden,203,0.0
Surocciden,204,0.0
Surocciden,205,0.0
Surocciden,206,0.0
Surocciden,207,0.0
Surocciden,208,0.0
Surocciden,209,0.0
Surocciden,210,0.0
Surocciden,211,0.0
Surocciden,212,0.0
Surocciden,213,0.0
Surocciden,214,0.0
Surocciden,215,0.0
Surocciden,216,0.0
Surocciden,217,0.0
Surocciden,218,0.0
Surocciden,219,0.0
Surocciden,220,0.0
Surocciden,221,0.0
Surocciden,222,0.0
Surocciden,223,0.0
Surocciden,224,0.0
Surocciden,225,0.0
Surocciden,226,0.0
Surocciden,227,0.0
Surocciden,228,0.0
Surocciden,229,0.0
Surocciden,230,0.0
Surocciden,231,0.0
Surocciden,232,0.0
Surocciden,233,0.0
Surocciden,234,0.0
Surocciden,235,0.0
Surocciden,236,0.0
Surocciden,237,0.0
Surocciden,238,0.0
Surocciden,239,0.0
Surocciden,240,0.0
Surocciden,241,0.0
Surocciden,242,0.0
Surocciden,243,0.0
Surocciden,244,0.0
Surocciden,245,0.0
Surocciden,246,0.0
Surocciden,247,0.0
Surocciden,248,0.0
Surocciden,249,0.0
Surocciden,250,0.0
Surocciden,251,0.0
Surocciden,252,0.0
Surocciden,253,0.0
Surocciden,254,0.0
Surocciden,255,0.0
Surocciden,256,0.0
Surocciden,257,0.0
Surocciden,258,0.0
Surocciden,259,0.0
Surocciden,260,0.0
Surocciden,261,0.0
Surocciden,262,0.0
Surocciden,263,0.0
Surocciden,264,0.0
Surocciden,265,0.0
Surocciden,266,0.0
Surocciden,267,0.0
Surocciden,268,0.0
Surocciden,269,0.0
Surocciden,270,0.0
Surocciden,271,0.0
Surocciden,272,0.0
Surocciden,273,0.0
Surocciden,274,0.0
Surocciden,275,0.0
Surocciden,276,0.0
Surocciden,277,0.0
Surocciden,278,0.0
Surocciden,279,0.0
Surocciden,280,0.0
Surocciden,281,0.0
Surocciden,282,0.0
Surocciden,283,0.0
Surocciden,284,0.0
Surocciden,285,0.0
Surocciden,286,0.0
Surocciden,287,0.0
Surocciden,288,0.0
Surocciden,289,0.0
Surocciden,290,0.0
Surocciden,291,0.0
Surocciden,292,0.0
Surocciden,293,0.0
Surocciden,294,0.0
Surocciden,295,0.0
Surocciden,296,0.0
Surocciden,297,0.0
Surocciden,298,0.0
Surocciden,299,0.0
Surocciden,300,0.0
Surocciden,301,0.0
Surocciden,302,0.0
Surocciden,303,0.0
Surocciden,304,0.0
Surocciden,305,0.0
Surocciden,306,0.0
Surocciden,307,0.0
Surocciden,308,0.0
Surocciden,309,0.0
Surocciden,310,0.0
Surocciden,311,0.0
Surocciden,312,0.0
Surocciden,313,0.0
Surocciden,314,0.0
Surocciden,315,0.0
Surocciden,316,0.0
Surocciden,317,0.0
Surocciden,318,0.0
Surocciden,319,0.0
Surocciden,320,0.0
Surocciden,321,0.0
Surocciden,322,0.0
Surocciden,323,0.0
Surocciden,324,0.0
Surocciden,325,0.0
Surocciden,326,0.0
Surocciden,327,0.0
Surocciden,328,0.0
Surocciden,329,0.0
Surocciden,330,0.0
Surocciden,331,0.0
Surocciden,332,0.0
Surocciden,333,0.0
Surocciden,334,0.0
Surocciden,335,0.0
Surocciden,336,0.0
Surocciden,337,0.0
Surocciden,338,0.0
Surocciden,339,0.0
Surocciden,340,0.0
Surocciden,341,0.0
Surocciden,342,0.0
Surocciden,343,0.0
Surocciden,344,0.0
Surocciden,345,0.0
Surocciden,346,0.0
Surocciden,347,0.0
Surocciden,348,0.0
Surocciden,349,0.0
Surocciden,350,0.0
Surocciden,351,0.0
Surocciden,352,0.0
Surocciden,353,0.0
Surocciden,354,0.0
Surocciden,355,0.0
Surocciden,356,0.0
Surocciden,357,0.0
Surocciden,358,0.0
Surocciden,359,0.0
Surocciden,360,0.0
Surocciden,361,0.0
Surocciden,362,0.0
Surocciden,363,0.0
Surocciden,364,0.0
Surocciden,365,0.0
Surocciden,366,0.0
Surocciden,367,0.0
Surocciden,368,0.0
Surocciden,369,0.0
Surocciden,370,0.0
Surocciden,371,0.0
Surocciden,372,0.0
Surocciden,373,0.0
Surocciden,374,0.0
Surocciden,375,0.0
Surocciden,376,0.0
Surocciden,377,0.0
Surocciden,378,0.0
Surocciden,379,0.0
Surocciden,380,0.0
Surocciden,381,0.0
Surocciden,382,0.0
Surocciden,383,0.0
Surocciden,384,0.0
Caribe,1,0.0
Caribe,2,0.0
Caribe,3,0.0
Caribe,4,0.0
Caribe,5,0.0
Caribe,6,0.0
Caribe,7,0.0
Caribe,8,0.0
Caribe,9,0.0
Caribe,10,0.0
Caribe,11,0.0
Caribe,12,0.0
Caribe,13,0.0
Caribe,14,0.0
Caribe,15,0.0
Caribe,16,0.0
Caribe,17,0.0
Caribe,18,0.0
Caribe,19,0.0
Caribe,20,0.0
Caribe,21,0.0
Caribe,22,0.0
Caribe,23,0.0
Caribe,24,0.0
Caribe,25,0.0
Caribe,26,0.0
Caribe,27,0.0
Caribe,28,0.0
Caribe,29,0.0
Caribe,30,0.0
Caribe,31,0.0
Caribe,32,0.0
Caribe,33,0.0
Caribe,34,0.0
Caribe,35,0.0
Caribe,36,0.0
Caribe,37,0.0
Caribe,38,0.0
Caribe,39,0.0
Caribe,40,0.0
Caribe,41,0.0
Caribe,42,0.0
Caribe,43,0.0
Caribe,44,0.0
Caribe,45,0.0
Caribe,46,0.0
Caribe,47,0.0
Caribe,48,0.0
Caribe,49,0.0
Caribe,50,0.0
Caribe,51,0.0
Caribe,52,0.0
Caribe,53,0.0
Caribe,54,0.0
Caribe,55,0.0
Caribe,56,0.0
Caribe,57,0.0
Caribe,58,0.0
Caribe,59,0.0
Caribe,60,0.0
Caribe,61,0.0
Caribe,62,0.0
Caribe,63,0.0
Caribe,64,0.0
Caribe,65,0.0
Caribe,66,0.0
Caribe,67,0.0
Caribe,68,0.0
Caribe,69,0.0
Caribe,70,0.0
Caribe,71,0.0
Caribe,72,0.0
Caribe,73,0.0
Caribe,74,0.0
Caribe,75,0.0
Caribe,76,0.0
Caribe,77,0.0
Caribe,78,0.0
Caribe,79,0.0
Caribe,80,0.0
Caribe,81,0.0
Caribe,82,0.0
Caribe,83,0.0
Caribe,84,0.0
Caribe,85,0.0
Caribe,86,0.0
Caribe,87,0.0
Caribe,88,0.0
Caribe,89,0.0
Caribe,90,0.0
Caribe,91,0.0
Caribe,92,0.0
Caribe,93,0.0
Caribe,94,0.0
Caribe,95,0.0
Caribe,96,0.0
Caribe,97,0.0
Caribe,98,0.0
Caribe,99,0.0
Caribe,100,0.0
Caribe,101,0.0
Caribe,102,0.0
Caribe,103,0.0
Caribe,104,0.0
Caribe,105,0.0
Caribe,106,0.0
Caribe,107,0.0
Caribe,108,0.0
Caribe,109,0.0
Caribe,110,0.0
Caribe,111,0.0
Caribe,112,0.0
Caribe,113,0.0
Caribe,114,0.0
Caribe,115,0.0
Caribe,116,0.0
Caribe,117,0.0
Caribe,118,0.0
Caribe,119,0.0
Caribe,120,0.0
Caribe,121,0.0
Caribe,122,0.0
Caribe,123,0.0
Caribe,124,0.0
Caribe,125,0.0
Caribe,126,0.0
Caribe,127,0.0
Caribe,128,0.0
Caribe,129,0.0
Caribe,130,0.0
Caribe,131,0.0
Caribe,132,0.0
Caribe,133,0.0
Caribe,134,0.0
Caribe,135,0.0
Caribe,136,0.0
Caribe,137,0.0
Caribe,138,0.0
Caribe,139,0.0
Caribe,140,0.0
Caribe,141,0.0
Caribe,142,0.0
Caribe,143,0.0
Caribe,144,0.0
Caribe,145,0.0
Caribe,146,0.0
Caribe,147,0.0
Caribe,148,0.0
Caribe,149,0.0
Caribe,150,0.0
Caribe,151,0.0
Caribe,152,0.0
Caribe,153,0.0
Caribe,154,0.0
Caribe,155,0.0
Caribe,156,0.0
Caribe,157,0.0
Caribe,158,0.0
Caribe,159,0.0
Caribe,160,0.0
Caribe,161,0.0
Caribe,162,0.0
Caribe,163,0.0
Caribe,164,0.0
Caribe,165,0.0
Caribe,166,0.0
Caribe,167,0.0
Caribe,168,0.0
Caribe,169,0.0
Caribe,170,0.0
Caribe,171,0.0
Caribe,172,0.0
Caribe,173,0.0
Caribe,174,0.0
Caribe,175,0.0
Caribe,176,0.0
Caribe,177,0.0
Caribe,178,0.0
Caribe,179,0.0
Caribe,180,0.0
Caribe,181,0.0
Caribe,182,0.0
Caribe,183,0.0
Caribe,184,0.0
Caribe,185,0.0
Caribe,186,0.0
Caribe,187,0.0
Caribe,188,0.0
Caribe,189,0.0
Caribe,190,0.0
Caribe,191,0.0
Caribe,192,0.0
Caribe,193,0.0
Caribe,194,0.0
Caribe,195,0.0
Caribe,196,0.0
Caribe,197,0.0
Caribe,198,0.0
Caribe,199,0.0
Caribe,200,0.0
Caribe,201,0.0
Caribe,202,0.0
Caribe,203,0.0
Caribe,204,0.0
Caribe,205,0.0
Caribe,206,0.0
Caribe,207,0.0
Caribe,208,0.0
Caribe,209,0.0
Caribe,210,0.0
Caribe,211,0.0
Caribe,212,0.0
Caribe,213,0.0
Caribe,214,0.0
Caribe,215,0.0
Caribe,216,0.0
Caribe,217,0.0
Caribe,218,0.0
Caribe,219,0.0
Caribe,220,0.0
Caribe,221,0.0
Caribe,222,0.0
Caribe,223,0.0
Caribe,224,0.0
Caribe,225,0.0
Caribe,226,0.0
Caribe,227,0.0
Caribe,228,0.0
Caribe,229,0.0
Caribe,230,0.0
Caribe,231,0.0
Caribe,232,0.0
Caribe,233,0.0
Caribe,234,0.0
Caribe,235,0.0
Caribe,236,0.0
Caribe,237,0.0
Caribe,238,0.0
Caribe,239,0.0
Caribe,240,0.0
Caribe,241,0.0
Caribe,242,0.0
Caribe,243,0.0
Caribe,244,0.0
Caribe,245,0.0
Caribe,246,0.0
Caribe,247,0.0
Caribe,248,0.0
Caribe,249,0.0
Caribe,250,0.0
Caribe,251,0.0
Caribe,252,0.0
Caribe,253,0.0
Caribe,254,0.0
Caribe,255,0.0
Caribe,256,0.0
Caribe,257,0.0
Caribe,258,0.0
Caribe,259,0.0
Caribe,260,0.0
Caribe,261,0.0
Caribe,262,0.0
Caribe,263,0.0
Caribe,264,0.0
Caribe,265,0.0
Caribe,266,0.0
Caribe,267,0.0
Caribe,268,0.0
Caribe,269,0.0
Caribe,270,0.0
Caribe,271,0.0
Caribe,272,0.0
Caribe,273,0.0
Caribe,274,0.0
Caribe,275,0.0
Caribe,276,0.0
Caribe,277,0.0
Caribe,278,0.0
Caribe,279,0.0
Caribe,280,0.0
Caribe,281,0.0
Caribe,282,0.0
Caribe,283,0.0
Caribe,284,0.0
Caribe,285,0.0
Caribe,286,0.0
Caribe,287,0.0
Caribe,288,0.0
Caribe,289,0.0
Caribe,290,0.0
Caribe,291,0.0
Caribe,292,0.0
Caribe,293,0.0
Caribe,294,0.0
Caribe,295,0.0
Caribe,296,0.0
Caribe,297,0.0
Caribe,298,0.0
Caribe,299,0.0
Caribe,300,0.0
Caribe,301,0.0
Caribe,302,0.0
Caribe,303,0.0
Caribe,304,0.0
Caribe,305,0.0
Caribe,306,0.0
Caribe,307,0.0
Caribe,308,0.0
Caribe,309,0.0
Caribe,310,0.0
Caribe,311,0.0
Caribe,312,0.0
Caribe,313,0.0
Caribe,314,0.0
Caribe,315,0.0
Caribe,316,0.0
Caribe,317,0.0
Caribe,318,0.0
Caribe,319,0.0
Caribe,320,0.0
Caribe,321,0.0
Caribe,322,0.0
Caribe,323,0.0
Caribe,324,0.0
Caribe,325,0.0
Caribe,326,0.0
Caribe,327,0.0
Caribe,328,0.0
Caribe,329,0.0
Caribe,330,0.0
Caribe,331,0.0
Caribe,332,0.0
Caribe,333,0.0
Caribe,334,0.0
Caribe,335,0.0
Caribe,336,0.0
Caribe,337,0.0
Caribe,338,0.0
Caribe,339,0.0
Caribe,340,0.0
Caribe,341,0.0
Caribe,342,0.0
Caribe,343,0.0
Caribe,344,0.0
Caribe,345,0.0
Caribe,346,0.0
Caribe,347,0.0
Caribe,348,0.0
Caribe,349,0.0
Caribe,350,0.0
Caribe,351,0.0
Caribe,352,0.0
Caribe,353,0.0
Caribe,354,0.0
Caribe,355,0.0
Caribe,356,0.0
Caribe,357,0.0
Caribe,358,0.0
Caribe,359,0.0
Caribe,360,0.0
Caribe,361,0.0
Caribe,362,0.0
Caribe,363,0.0
Caribe,364,0.0
Caribe,365,0.0
Caribe,366,0.0
Caribe,367,0.0
Caribe,368,0.0
Caribe,369,0.0
Caribe,370,0.0
Caribe,371,0.0
Caribe,372,0.0
Caribe,373,0.0
Caribe,374,0.0
Caribe,375,0.0
Caribe,376,0.0
Caribe,377,0.0
Caribe,378,0.0
Caribe,379,0.0
Caribe,380,0.0
Caribe,381,0.0
Caribe,382,0.0
Caribe,383,0.0
Caribe,384,0.0
